,College Name,CGPA,Speaking Skills,ML Knowledge,Placement Status
0,5,6.7,2,5,1
1,2,8.2,3,2,0
2,7,6.5,4,3,0
3,16,8.7,2,5,0
4,20,9.1,3,5,1
5,24,8.9,4,3,0
6,18,7.4,2,4,0
7,8,7.3,4,3,0
8,9,8.6,4,2,0
9,3,9.2,3,4,0
10,25,7.8,3,4,1
11,10,7.9,5,2,1
12,17,9.9,4,2,0
13,21,8.1,5,5,0
14,15,9.5,2,3,1
15,13,9.8,5,5,1
16,22,9.6,3,2,0
17,14,9.6,5,4,0
18,0,6.2,5,5,0
19,26,9.1,2,3,1
20,11,7.2,5,2,0
21,6,9.5,5,5,0
22,23,6.8,3,3,0
23,12,8.4,2,4,0
24,17,9.9,3,2,0
25,24,6.6,3,4,1
26,4,6.7,2,4,1
27,19,7.6,2,5,0
28,1,8.3,2,4,0
29,7,6.3,2,4,1
31,20,9.5,5,4,0
35,9,7.9,2,5,0
36,3,7.5,4,2,0
37,25,8.3,5,2,0
38,10,6.4,3,4,0
39,8,7.5,4,2,0
40,9,7.7,5,4,1
41,3,9.9,3,5,1
42,25,7.6,4,3,0
43,10,7.9,2,3,0
44,17,7.7,3,4,1
45,21,7.4,2,3,1
46,15,9.2,4,2,0
47,13,7.6,2,4,0
58,25,7.6,5,5,0
59,10,6.5,4,5,1
60,17,7.3,3,5,1
61,21,6.7,5,2,0
62,15,8.7,2,3,0
63,13,6.7,3,2,0
64,22,9.0,4,4,1
65,14,7.2,4,2,0
66,0,8.5,5,2,0
67,26,6.5,4,4,0
68,11,6.6,3,5,0
70,55,8.1,2,5,1
71,5,9.7,5,4,1
72,2,9.3,4,5,0
73,7,9.1,3,4,0
74,16,7.6,5,2,1
75,20,7.8,5,3,1
76,24,7.9,3,4,0
77,18,8.5,2,2,0
78,8,8.7,3,4,0
79,9,8.3,4,3,1
80,3,9.4,2,4,0
81,25,8.6,2,4,0
82,10,8.5,4,4,0
83,17,9.1,4,3,0
84,21,7.7,5,2,0
85,15,7.5,3,4,1
86,13,7.2,5,3,1
88,14,7.3,2,4,0
89,0,7.3,5,2,1
90,26,9.4,3,5,1
91,11,6.6,4,3,0
92,6,6.6,5,4,0
93,23,8.5,3,5,0
94,12,7.7,2,4,1
95,17,8.1,4,4,0
96,24,7.9,2,4,0
97,4,7.1,2,3,0
98,19,8.3,5,3,0
99,1,7.7,2,5,0
101,16,6.5,2,5,1
102,20,9.4,2,4,0
103,24,6.8,5,2,0
106,9,9.3,5,3,0
107,3,6.9,4,3,0
108,25,8.9,4,3,0
109,10,8.3,2,4,1
110,8,7.2,4,4,0
111,9,8.1,2,3,0
112,3,9.5,5,2,0
114,10,7.5,3,4,0
115,17,7.9,2,4,1
116,21,9.3,3,5,1
118,13,9.1,2,3,0
119,22,7.3,5,4,1
120,14,7.5,2,4,1
121,0,7.6,2,2,0
122,26,8.0,4,4,0
123,11,7.2,2,3,0
124,6,9.1,3,4,1
125,11,6.7,5,5,0
126,8,7.1,5,5,0
127,9,7.1,4,4,0
128,3,9.5,2,2,0
131,7,7.3,5,5,1
132,16,7.3,4,4,0
134,24,9.1,4,4,1
135,18,6.9,2,2,1
136,8,8.4,4,4,0
137,9,6.7,4,4,0
139,25,7.3,5,5,1
141,17,9.9,5,5,0
142,21,7.6,2,2,0
143,15,9.3,5,5,0
144,13,6.4,2,2,0
145,22,8.4,4,4,1
146,14,6.6,3,3,1
147,0,7.8,2,2,0
148,26,8.7,4,4,0
149,11,7.2,2,2,1
151,23,8.0,2,2,0
154,24,9.1,3,3,1
156,19,8.7,2,2,0
157,1,6.5,3,3,0
158,7,8.8,5,5,0
161,24,6.5,5,5,1
162,18,8.7,3,3,0
163,8,9.1,2,2,0
164,9,9.2,5,5,1
167,10,7.1,2,2,0
170,3,9.9,5,5,0
171,25,9.3,5,5,0
172,10,7.1,5,5,0
173,17,7.5,2,2,0
176,13,8.3,4,4,1
177,22,7.4,3,3,0
178,14,6.7,3,3,0
179,0,7.3,3,3,1
180,26,9.7,2,2,1
181,11,7.9,2,2,0
183,11,7.1,4,4,0
184,8,8.7,4,4,1
185,9,8.7,2,2,0
186,3,8.2,2,2,0
187,25,6.8,5,5,0
188,10,7.1,2,2,0
189,17,8.5,3,3,0
191,15,9.5,2,2,1
192,13,6.7,4,4,0
193,22,6.7,2,2,0
195,0,6.5,2,2,1
196,26,8.7,4,4,0
197,11,9.1,2,2,0
198,6,8.9,5,5,0
199,55,7.4,5,5,1
200,55,7.3,5,5,0
202,14,9.2,2,2,0
203,0,7.8,3,3,0
204,26,7.9,2,2,0
205,11,9.9,2,2,1
207,23,9.5,4,4,0
209,17,9.6,2,2,1
210,24,9.6,5,5,1
211,4,6.2,5,5,0
212,19,9.1,3,3,0
215,16,6.8,4,4,0
218,55,6.6,4,4,0
222,6,6.3,4,4,0
223,11,8.9,4,4,0
225,9,8.5,4,4,1
227,25,8.8,4,4,0
229,17,7.5,3,3,1
230,21,8.3,5,5,0
233,22,7.7,4,4,0
234,14,9.9,3,3,0
235,0,7.6,3,3,1
236,26,7.9,5,5,1
238,6,7.4,5,5,0
240,0,7.6,5,5,1
241,26,8.7,4,4,0
242,11,9.5,3,3,0
246,17,7.2,3,3,0
247,24,7.5,4,4,0
248,4,6.5,5,5,0
249,19,7.5,5,5,0
251,7,7.6,2,2,1
252,16,6.5,4,4,0
253,20,7.3,4,4,0
254,24,6.7,5,5,1
255,55,8.7,5,5,1
256,0,6.7,5,5,0
258,11,7.2,2,2,0
259,6,8.5,5,5,1
262,9,9.5,4,4,0
264,25,9.7,4,4,0
265,10,9.3,4,4,1
266,17,9.1,3,3,1
267,21,7.6,2,2,0
268,15,7.8,4,4,0
269,13,7.9,4,4,1
270,22,8.5,2,2,1
272,0,8.3,4,4,0
275,6,8.5,2,2,0
276,5,9.1,3,3,0
277,2,7.7,5,5,0
278,7,7.5,5,5,0
281,24,7.3,5,5,1
282,18,7.3,4,4,0
283,8,9.4,3,3,0
284,9,6.6,2,2,1
285,3,6.6,2,2,1
286,25,8.5,2,2,0
287,10,7.7,5,5,0
288,17,8.1,4,4,0
289,21,7.9,5,5,1
291,13,8.3,3,3,0
292,22,7.7,3,3,0
294,0,6.5,5,5,0
295,26,9.4,5,5,1
296,11,6.8,5,5,1
297,6,6.7,5,5,0
298,23,7.9,5,5,0
299,12,9.3,3,3,1
300,17,6.9,2,2,1
301,24,8.9,2,2,0
303,31,7.2,2,2,0
304,47,8.1,4,4,1
305,28,9.5,3,3,0
307,44,7.5,4,4,0
309,52,9.3,2,2,0
310,46,9.6,2,2,1
313,30,7.5,4,4,0
315,37,8.0,4,4,1
316,35,7.2,2,2,0
317,36,9.1,5,5,0
318,30,6.7,2,2,0
319,53,7.1,4,4,1
320,37,7.1,3,3,0
321,45,9.5,3,3,0
324,38,7.3,3,3,0
325,50,7.3,2,2,1
326,41,7.8,5,5,1
328,54,6.9,4,4,0
332,35,7.3,4,4,0
333,36,7.9,2,2,0
336,37,9.3,5,5,0
338,49,8.4,2,2,0
339,43,6.6,2,2,0
341,50,8.7,3,3,1
342,41,7.2,2,2,0
343,27,7.1,4,4,0
346,33,8.5,2,2,0
347,55,9.1,2,2,0
348,32,9.7,5,5,0
350,34,6.5,5,5,0
351,44,8.8,4,4,0
352,48,9.3,4,4,0
354,46,6.5,2,2,0
356,36,9.1,4,4,1
357,30,9.2,4,4,0
359,37,7.6,5,5,1
361,49,8.3,4,4,0
362,43,9.2,3,3,0
364,50,9.3,5,5,1
365,41,7.1,4,4,0
367,54,7.3,4,4,0
368,39,7.4,3,3,0
369,33,8.3,2,2,0
371,40,6.7,4,4,1
372,45,7.3,5,5,0
376,28,7.1,4,4,0
377,34,8.7,2,2,0
378,44,8.7,2,2,0
379,48,8.2,4,4,1
382,35,8.5,2,2,0
383,36,9.1,3,3,0
384,30,9.5,5,5,0
385,53,6.7,3,3,1
387,35,8.2,4,4,0
388,36,6.5,2,2,0
389,30,8.7,3,3,1
391,37,8.9,4,4,0
392,45,7.4,2,2,0
395,38,9.2,2,2,0
397,41,7.9,4,4,0
399,54,8.1,5,5,0
402,39,9.6,3,3,0
403,35,9.6,5,5,0
406,32,7.2,2,2,0
407,29,9.5,5,5,0
408,34,6.8,4,4,0
410,48,9.9,2,2,0
412,46,6.7,3,3,0
417,37,9.5,3,3,0
419,49,8.5,5,5,1
421,38,7.9,2,2,0
422,50,7.5,3,3,0
423,41,8.3,5,5,0
424,27,6.4,2,2,1
427,33,9.9,4,4,0
428,51,7.6,3,3,0
430,45,7.7,4,4,1
431,52,7.4,5,5,1
432,31,9.2,2,2,0
433,47,7.6,2,2,0
435,34,9.5,2,2,1
438,52,6.9,5,5,0
441,36,6.5,2,2,0
442,30,7.5,5,5,0
445,35,6.5,3,3,1
447,30,6.7,4,4,0
448,53,8.7,2,2,0
449,37,6.7,5,5,1
450,45,9.0,4,4,1
453,38,6.5,4,4,0
455,41,9.5,5,5,0
456,27,8.1,2,2,0
457,54,9.7,5,5,0
458,39,9.3,3,3,0
459,33,9.1,3,3,0
460,39,7.6,5,5,1
461,35,7.8,3,3,1
462,36,7.9,3,3,0
463,30,8.5,3,3,0
465,37,8.3,5,5,1
466,45,9.4,5,5,0
467,49,8.6,5,5,0
468,43,8.5,3,3,0
469,38,9.1,4,4,1
470,50,7.7,4,4,0
471,41,7.5,2,2,0
473,54,7.6,3,3,0
477,42,6.6,4,4,0
479,41,8.5,5,5,1
480,27,7.7,5,5,1
481,54,8.1,2,2,0
484,51,8.3,3,3,1
486,45,8.0,3,3,0
489,47,6.8,3,3,0
491,34,7.9,2,2,1
492,44,9.3,5,5,0
494,47,8.9,2,2,1
496,34,7.2,4,4,0
497,44,8.1,2,2,0
500,46,7.5,4,4,0
501,35,7.9,2,2,0
502,36,9.3,5,5,0
503,30,9.6,5,5,0
504,53,9.1,2,2,0
506,35,7.5,3,3,1
509,53,7.2,2,2,1
510,37,9.1,2,2,1
512,49,7.1,5,5,0
513,43,7.1,2,2,1
515,50,9.2,5,5,0
517,27,7.3,4,4,0
518,54,7.3,2,2,0
519,39,7.8,5,5,1
521,39,6.9,3,3,0
523,36,6.7,3,3,1
525,53,7.3,4,4,0
526,37,7.9,5,5,0
528,49,7.6,2,2,1
530,38,6.4,2,2,0
532,41,6.6,2,2,0
533,27,7.8,5,5,0
534,54,8.7,5,5,1
535,39,7.2,4,4,1
536,33,7.1,2,2,0
537,55,8.0,2,2,0
540,34,9.1,2,2,0
541,44,9.7,4,4,0
543,52,6.5,2,2,1
544,46,8.8,3,3,0
546,36,7.6,3,3,0
547,30,6.5,2,2,0
549,37,9.1,4,4,1
550,45,9.2,4,4,1
552,43,7.6,2,2,0
554,50,8.3,5,5,1
555,41,9.2,2,2,0
558,39,7.1,5,5,1
560,51,7.3,4,4,0
561,40,7.4,5,5,0
565,47,7.3,5,5,1
567,34,7.9,4,4,0
568,44,7.2,5,5,1
569,48,7.1,4,4,1
570,52,8.7,4,4,0
571,46,8.7,3,3,0
573,36,6.8,5,5,1
576,37,9.1,5,5,0
578,36,6.7,4,4,0
579,30,6.7,3,3,1
580,53,8.2,3,3,1
581,37,6.5,5,5,0
582,45,8.7,2,2,0
583,49,9.1,5,5,1
584,43,8.9,4,4,1
586,50,7.3,2,2,0
588,27,9.2,4,4,1
589,54,7.8,3,3,0
590,39,7.9,2,2,0
591,33,9.9,5,5,0
592,39,8.1,4,4,0
594,36,9.8,2,2,1
595,30,9.6,5,5,1
597,29,6.2,2,2,0
598,34,9.1,3,3,1
600,48,9.5,5,5,0
601,52,6.8,4,4,0
602,46,8.4,4,4,0
603,35,9.9,2,2,1
604,36,6.6,2,2,0
605,30,6.7,4,4,0
609,49,8.9,5,5,1
610,43,9.5,2,2,1
611,38,8.5,5,5,0
612,50,8.5,3,3,0
615,54,7.5,4,4,0
616,39,8.3,2,2,0
617,33,6.4,5,5,0
621,52,7.6,3,3,0
623,47,7.7,3,3,0
626,44,7.6,5,5,0
631,36,6.9,2,2,0
632,30,7.2,5,5,0
633,53,7.5,4,4,0
636,36,6.9,3,3,0
637,30,7.6,4,4,1
638,53,6.5,4,4,1
639,37,7.3,4,4,0
641,49,8.7,2,2,1
644,50,7.2,4,4,0
646,27,6.5,4,4,1
647,54,6.6,4,4,0
649,33,8.1,3,3,0
650,39,9.7,3,3,0
654,53,7.8,2,2,0
658,43,8.3,3,3,0
659,38,9.4,4,4,0
660,50,8.6,2,2,0
661,41,8.5,2,2,1
663,54,7.7,5,5,0
664,39,7.5,4,4,0
668,42,7.3,2,2,1
669,41,9.4,4,4,0
670,27,6.6,3,3,0
671,54,6.6,5,5,1
672,39,8.5,4,4,1
673,33,7.7,5,5,0
675,40,7.9,2,2,0
678,31,7.7,5,5,0
679,47,8.0,5,5,0
681,34,9.4,4,4,0
682,44,6.8,2,2,1
683,12,6.7,2,2,1
684,17,7.9,5,5,0
685,24,9.3,2,2,0
687,19,8.9,3,3,1
690,16,8.1,2,2,1
691,20,9.5,5,5,0
696,3,9.6,4,4,1
697,25,9.1,4,4,1
699,8,7.5,3,3,0
700,9,7.6,2,2,1
702,25,7.2,3,3,0
703,10,9.1,4,4,0
707,13,9.5,3,3,0
710,0,7.3,5,5,0
711,26,7.3,5,5,1
713,6,9.1,5,5,0
714,11,6.9,3,3,0
715,8,8.4,2,2,1
716,9,6.7,2,2,1
717,3,9.2,5,5,0
718,25,7.3,5,5,0
719,10,7.9,5,5,0
720,17,9.9,4,4,1
721,21,7.6,5,5,0
722,15,9.3,5,5,0
723,13,6.4,3,3,0
724,22,8.4,3,3,0
729,6,7.1,2,2,0
730,55,8.0,3,3,1
731,55,8.5,2,2,1
732,55,8.5,2,2,0
734,0,9.7,2,2,0
737,6,8.8,2,2,0
739,12,7.6,3,3,0
742,4,9.1,4,4,1
745,7,7.6,5,5,1
747,20,8.3,5,5,0
751,26,7.1,4,4,0
752,11,7.5,5,5,0
757,3,6.7,5,5,1
759,10,9.7,3,3,0
760,17,7.9,4,4,1
761,21,7.2,2,2,1
765,14,8.2,4,4,1
766,0,6.8,4,4,0
767,26,7.1,3,3,0
771,0,6.7,5,5,1
773,11,8.2,5,5,0
778,24,7.4,5,5,0
780,19,8.6,3,3,1
781,1,9.2,2,2,0
782,7,7.8,3,3,0
783,16,7.9,3,3,0
784,20,9.9,2,2,0
785,24,8.1,2,2,0
787,24,9.8,2,2,1
789,19,9.6,5,5,0
790,1,6.2,3,3,1
792,16,7.2,4,4,0
793,20,9.5,2,2,0
795,9,8.4,5,5,1
796,3,9.9,3,3,0
797,25,6.6,4,4,0
798,10,6.7,5,5,0
800,21,8.3,4,4,0
802,13,8.9,3,3,1
805,0,8.5,2,2,1
808,6,7.5,3,3,0
810,12,6.4,4,4,1
811,17,7.5,5,5,0
820,18,8.7,2,2,1
822,9,6.9,4,4,0
825,10,7.2,4,4,1
826,8,7.5,3,3,0
832,21,7.3,5,5,1
834,13,8.7,3,3,0
835,22,6.7,2,2,1
836,14,9.0,3,3,1
837,0,7.2,4,4,0
839,11,6.5,2,2,0
840,6,6.6,4,4,1
842,8,8.1,5,5,0
844,3,9.3,5,5,0
845,25,9.1,4,4,0
846,10,7.6,2,2,1
847,17,7.8,5,5,1
848,21,7.9,3,3,0
849,15,8.5,4,4,0
850,13,8.7,5,5,1
851,22,8.3,3,3,1
852,14,9.4,2,2,0
853,0,8.6,4,4,0
854,26,8.5,2,2,0
856,6,7.7,5,5,0
858,24,7.2,2,2,0
859,4,7.6,2,2,0
875,14,6.8,4,4,0
881,12,8.3,2,2,1
884,4,9.5,5,5,0
886,1,7.5,2,2,0
887,7,7.9,5,5,0
888,16,9.3,5,5,0
891,18,7.3,3,3,1
892,8,7.5,4,4,1
894,3,8.0,4,4,0
897,8,6.7,5,5,0
898,9,7.1,4,4,0
899,3,7.1,5,5,0
900,25,9.5,2,2,1
901,10,9.2,5,5,0
902,17,7.9,2,2,0
903,21,7.3,4,4,0
906,22,9.1,4,4,1
908,0,8.4,3,3,0
909,26,6.7,2,2,0
911,6,7.3,2,2,1
913,35,9.9,4,4,0
914,36,7.6,2,2,0
916,32,6.4,5,5,0
917,29,8.4,2,2,0
918,34,6.6,4,4,0
920,48,8.7,3,3,0
923,35,8.0,2,2,0
928,45,8.7,5,5,0
929,49,6.5,5,5,0
930,43,8.8,5,5,1
932,0,7.6,4,4,0
934,11,8.7,4,4,0
935,6,9.1,3,3,0
937,12,7.3,3,3,1
939,24,7.1,2,2,0
942,1,9.9,4,4,0
943,7,9.3,2,2,0
944,16,7.1,2,2,0
948,51,8.3,2,2,0
949,40,7.4,2,2,0
950,45,6.7,4,4,0
955,34,7.1,2,2,1
956,44,8.7,5,5,1
957,48,8.7,5,5,0
959,46,6.8,2,2,0
960,35,7.1,2,2,1
964,17,6.7,2,2,0
965,21,6.7,4,4,0
969,14,9.1,5,5,0
970,0,8.9,3,3,1
971,26,7.4,4,4,1
972,11,7.3,4,4,0
973,6,8.6,4,4,0
980,50,9.8,4,4,0
981,41,9.6,4,4,1
986,39,9.5,4,4,1
987,35,6.8,3,3,0
989,30,9.9,4,4,0
990,52,6.6,2,2,1
993,28,8.3,3,3,0
998,40,8.5,5,5,0
999,45,8.8,4,4,0
1000,52,7.9,3,3,1
1001,31,7.5,2,2,1
1002,47,8.3,3,3,0
1003,28,6.4,2,2,0
1007,52,7.6,5,5,0
1013,39,8.7,5,5,0
1016,30,9.2,2,2,1
1021,43,7.5,4,4,0
1022,38,6.9,4,4,0
1024,41,6.5,3,3,0
1025,27,7.3,2,2,0
1026,54,6.7,4,4,1
1027,39,8.7,4,4,1
1029,41,9.0,4,4,0
1030,27,7.2,4,4,1
1031,54,8.5,5,5,1
1033,33,6.6,2,2,0
1038,31,9.1,2,2,0
1039,47,7.6,5,5,0
1042,44,8.5,2,2,1
1043,48,8.7,2,2,0
1045,27,9.4,5,5,1
1047,39,8.5,5,5,0
1048,33,9.1,4,4,0
1050,35,7.5,3,3,1
1051,36,7.2,2,2,0
1052,30,7.6,5,5,0
1053,53,7.3,5,5,0
1055,45,9.4,5,5,0
1057,43,6.6,3,3,1
1059,50,7.7,2,2,0
1062,54,7.1,4,4,0
1063,39,8.3,3,3,0
1064,33,7.7,5,5,0
1066,27,6.5,3,3,0
1069,33,6.7,3,3,0
1071,40,9.3,4,4,1
1072,45,6.9,4,4,1
1073,52,8.9,4,4,0
1074,31,8.3,2,2,0
1075,47,7.2,5,5,1
1077,34,9.5,4,4,0
1085,28,7.5,5,5,0
1086,34,7.6,4,4,1
1090,36,6.7,4,4,1
1094,45,9.2,5,5,0
1096,43,7.3,2,2,0
1097,38,7.3,2,2,0
1101,54,8.4,4,4,2
1104,51,7.3,2,2,2
1108,31,9.3,5,5,2
1110,28,8.4,4,4,2
1111,34,6.6,5,5,2
1116,35,8.0,4,4,2
1120,37,9.7,3,3,2
1125,37,7.6,4,4,2
1126,45,6.5,3,3,2
1127,49,8.7,2,2,2
1130,50,7.3,5,5,2
1132,27,7.1,2,2,2
1139,30,7.3,2,2,2
1145,38,9.7,4,4,2
1147,41,7.2,3,3,2
1149,54,8.7,4,4,2
1150,39,8.7,2,2,2
1151,33,8.2,5,5,2
1162,30,9.1,5,5,2
1164,37,7.4,2,2,2
1165,45,7.3,5,5,2
1167,43,9.2,2,2,2
1168,38,7.8,2,2,2
1170,41,9.9,3,3,2
1173,39,9.8,2,2,2
1174,33,9.6,3,3,2
1178,52,7.2,5,5,2
1179,31,9.5,2,2,2
1181,28,8.4,5,5,2
1182,34,9.9,2,2,2
1183,44,6.6,2,2,2
1191,37,8.5,2,2,2
1193,36,7.9,2,2,2
1198,49,7.7,2,2,2
1201,50,7.9,2,2,2
1205,39,7.6,4,4,2
1207,39,9.5,5,5,2
1209,36,9.2,4,4,2
1210,30,6.9,3,3,2
1211,32,7.2,4,4,2
1212,29,7.5,4,4,2
1214,44,7.5,2,2,2
1215,48,6.9,5,5,2
1220,30,8.7,3,3,2
1222,37,9.0,3,3,2
1225,43,6.5,5,5,2
1228,41,8.1,4,4,2
1229,27,9.7,2,2,2
1230,54,9.3,5,5,2
1231,39,9.1,3,3,2
1233,51,7.8,4,4,2
1234,40,7.9,3,3,2
1236,52,8.7,2,2,2
1237,31,8.3,5,5,2
1238,47,9.4,5,5,2
1239,28,8.6,2,2,2
1241,44,9.1,5,5,2
1242,48,7.7,3,3,2
1243,52,7.5,4,4,2
1244,46,7.2,3,3,2
1246,36,7.3,5,5,2
1247,30,7.3,3,3,2
1248,53,9.4,4,4,2
1250,35,6.6,5,5,2
1251,36,8.5,5,5,2
1254,37,7.9,4,4,2
1257,43,7.7,5,5,2
1259,50,6.5,2,2,2
1274,38,9.3,3,3,2
1278,54,7.5,4,4,2
1281,45,7.2,3,3,2
1283,31,6.7,4,4,2
1284,47,7.1,5,5,2
1286,34,9.5,2,2,2
1288,48,7.9,2,2,2
1289,52,7.3,2,2,2
1290,40,7.3,2,2,2
1294,47,8.4,2,2,2
1295,28,6.7,2,2,2
1298,48,7.9,2,2,2
1299,52,9.9,4,4,2
1300,27,7.6,2,2,2
1302,39,6.4,3,3,2
1307,30,7.2,4,4,2
1309,37,8.0,3,3,2
1310,45,8.5,2,2,2
1312,43,9.1,5,5,2
1314,50,8.7,2,2,2
1315,41,6.5,2,2,2
1316,27,8.8,5,5,2
1317,54,9.3,3,3,2
1318,39,7.6,4,4,2
1319,33,6.5,5,5,2
1320,41,8.7,4,4,2
1322,54,9.2,4,4,2
1323,39,7.3,5,5,2
1324,33,7.6,4,4,2
1325,51,7.1,4,4,2
1329,31,9.3,3,3,2
1331,28,7.5,5,5,2
1332,34,7.3,2,2,2
1333,44,7.4,2,2,2
1334,48,8.3,5,5,2
1336,27,6.7,4,4,2
1337,54,7.3,3,3,2
1339,33,7.9,5,5,2
1343,30,8.7,2,2,2
1344,53,8.2,2,2,2
1345,37,6.8,3,3,2
1346,45,7.1,4,4,2
1347,49,8.5,3,3,2
1348,43,9.1,2,2,2
1349,38,9.5,5,5,2
1350,50,6.7,4,4,2
1351,41,6.7,3,3,2
1352,27,8.2,2,2,2
1353,54,6.5,5,5,2
1354,39,8.7,4,4,2
1355,33,9.1,2,2,2
1359,39,8.6,4,4,2
1360,33,9.2,4,4,2
1362,40,7.9,2,2,2
1363,45,9.9,4,4,2
1365,31,9.5,3,3,2
1366,47,9.8,5,5,2
1367,28,9.6,5,5,2
1368,34,9.6,2,2,2
1370,48,9.1,3,3,2
1372,45,9.5,5,5,2
1373,52,6.8,4,4,2
1375,47,9.9,5,5,2
1377,34,6.7,2,2,2
1378,44,7.6,3,3,2
1379,48,8.3,3,3,2
1383,53,8.5,5,5,2
1384,37,8.5,5,5,2
1385,45,8.8,2,2,2
1387,43,7.5,2,2,2
1392,54,9.9,4,4,2
1394,33,7.9,3,3,2
1395,51,7.7,4,4,2
1397,45,9.2,4,4,2
1401,28,6.9,2,2,2
1403,44,6.9,5,5,2
1405,52,7.5,4,4,2
1407,35,7.5,3,3,2
1408,36,6.9,3,3,2
1409,30,7.6,2,2,2
1411,37,7.3,3,3,2
1413,36,8.7,2,2,2
1417,45,8.5,4,4,2
1428,35,8.5,3,3,2
1429,36,8.7,5,5,2
1430,30,8.3,4,4,2
1432,37,8.6,3,3,2
1433,45,8.5,2,2,2
1434,49,9.1,2,2,2
1437,50,7.2,5,5,2
1438,41,7.6,3,3,2
1443,45,6.6,2,2,2
1446,47,8.1,4,4,2
1448,34,7.1,2,2,2
1451,52,8.0,3,3,2
1454,53,6.8,4,4,2
1455,37,6.7,4,4,2
1456,45,7.9,3,3,2
1458,43,6.9,2,2,2
1460,50,8.3,3,3,2
1461,41,7.2,4,4,2
1464,39,9.6,2,2,2
1467,40,9.3,2,2,2
1468,45,9.6,5,5,2
1469,52,9.1,5,5,2
1470,31,7.3,4,4,2
1474,44,7.2,2,2,2
1476,52,6.7,5,5,2
1477,46,7.1,5,5,2
1479,36,9.5,5,5,2
1480,30,9.2,5,5,2
1484,36,7.8,5,5,2
1485,30,9.1,3,3,2
1486,53,6.9,2,2,2
1489,49,9.2,2,2,2
1490,43,7.3,2,2,2
1493,41,7.6,5,5,2
1499,35,8.7,3,3,2
1501,30,7.1,2,2,2
1502,32,8.0,5,5,2
1503,29,8.5,5,5,2
1506,48,9.7,2,2,2
1507,52,8.7,4,4,2
1509,35,8.8,4,4,2
1510,36,9.3,5,5,2
1513,15,8.7,2,2,2
1515,22,9.2,5,5,2
1517,0,7.6,3,3,2
1518,26,7.1,4,4,2
1523,17,7.1,4,4,2
1528,7,7.4,4,4,2
1529,16,6.7,5,5,2
1530,20,7.3,2,2,2
1531,24,9.7,5,5,2
1533,8,7.2,5,5,2
1535,3,8.7,2,2,2
1538,8,6.8,3,3,2
1539,9,7.1,2,2,2
1540,3,8.5,3,3,2
1541,25,9.1,3,3,2
1544,21,6.7,2,2,2
1546,13,6.5,3,3,2
1547,22,8.7,5,5,2
1548,14,9.1,3,3,2
1549,0,8.9,3,3,2
1550,26,7.4,4,4,2
1552,6,8.6,4,4,2
1554,8,7.8,3,3,2
1556,3,9.9,5,5,2
1561,15,9.6,2,2,2
1563,22,9.1,2,2,2
1564,14,7.2,2,2,2
1568,6,9.9,4,4,2
1571,4,7.6,3,3,2
1573,1,6.3,3,3,2
1577,24,8.5,5,5,2
1578,12,8.8,2,2,2
1579,17,7.9,3,3,2
1581,4,8.3,4,4,2
1582,19,6.4,5,5,2
1586,20,7.6,2,2,2
1590,3,9.2,5,5,2
1593,7,9.5,2,2,2
1594,16,6.9,3,3,2
1595,20,9.2,4,4,2
1596,24,6.9,2,2,2
1598,8,7.5,4,4,2
1601,25,6.9,3,3,2
1603,17,6.5,4,4,2
1605,15,6.7,5,5,2
1607,22,6.7,4,4,2
1608,14,9.0,5,5,2
1609,0,7.2,3,3,2
1610,26,8.5,2,2,2
1613,23,9.5,2,2,2
1620,7,7.9,4,4,2
1624,18,9.4,4,4,2
1625,8,8.6,2,2,2
1627,3,9.1,2,2,2
1628,25,7.7,5,5,2
1633,25,7.3,4,4,2
1637,15,8.5,2,2,2
1638,13,7.7,4,4,2
1640,14,7.9,3,3,2
1642,26,8.3,5,5,2
1644,6,8.0,2,2,2
1650,10,9.3,4,4,2
1651,17,6.9,2,2,2
1653,15,8.3,4,4,2
1655,22,8.1,5,5,2
1656,14,9.5,4,4,2
1657,0,9.6,5,5,2
1661,17,9.6,4,4,2
1663,4,7.3,2,2,2
1664,19,7.5,4,4,2
1665,1,7.6,2,2,2
1668,20,9.1,2,2,2
1670,12,7.1,3,3,2
1674,19,7.9,5,5,2
1676,7,7.3,4,4,2
1680,8,8.4,5,5,2
1682,3,9.2,2,2,2
1684,2,7.9,3,3,2
1690,8,6.6,4,4,2
1692,3,8.7,4,4,2
1695,17,8.0,3,3,2
1699,22,9.7,4,4,2
1707,17,9.1,2,2,2
1708,24,9.2,4,4,2
1709,4,7.3,2,2,2
1710,19,7.6,3,3,2
1712,7,8.3,4,4,2
1714,20,9.9,5,5,2
1715,24,9.3,5,5,2
1721,10,7.4,2,2,2
1724,3,9.7,3,3,2
1725,25,7.9,2,2,2
1727,17,7.1,5,5,2
1732,14,7.1,4,4,2
1734,26,9.1,4,4,2
1737,11,6.7,2,2,2
1739,9,6.5,4,4,2
1742,10,8.9,5,5,2
1745,15,8.6,3,3,2
1748,14,7.9,2,2,2
1749,0,9.9,4,4,2
1750,26,8.1,3,3,2
1751,11,9.5,3,3,2
1753,17,9.6,5,5,2
1755,4,6.2,3,3,2
1756,19,9.1,5,5,2
1757,1,7.2,4,4,2
1762,12,6.6,3,3,2
1765,4,8.3,5,5,2
1767,1,8.9,2,2,2
1768,7,9.5,4,4,2
1770,20,8.5,5,5,2
1771,24,8.8,5,5,2
1773,45,7.5,4,4,2
1774,52,8.3,2,2,2
1783,35,9.2,2,2,2
1784,36,7.6,4,4,2
1786,53,9.5,2,2,2
1788,35,9.2,4,4,2
1792,37,6.5,3,3,2
1793,45,7.5,5,5,2
1794,49,6.9,5,5,2
1795,43,7.6,5,5,2
1797,50,7.3,5,5,2
1799,27,8.7,3,3,2
1802,33,7.2,2,2,2
1803,39,8.5,5,5,2
1805,36,6.6,5,5,2
1814,41,8.5,5,5,2
1815,27,8.7,3,3,2
1817,39,9.4,2,2,2
1819,45,8.5,2,2,2
1826,48,7.3,2,2,2
1829,45,6.6,4,4,2
1830,52,8.5,4,4,2
1831,31,7.7,4,4,2
1832,47,8.1,2,2,2
1835,44,8.3,4,4,2
1836,48,7.7,3,3,2
1837,52,8.0,3,3,2
1845,48,8.9,3,3,2
1848,35,8.1,4,4,2
1849,36,9.5,2,2,2
1850,30,9.6,5,5,2
1851,53,7.5,4,4,2
1853,45,9.3,4,4,2
1856,38,7.3,3,3,2
1858,41,7.6,2,2,2
1859,27,8.0,4,4,2
1866,52,9.2,5,5,2
1869,28,7.3,5,5,2
1870,34,7.8,2,2,2
1872,48,6.9,4,4,2
1873,52,8.4,4,4,2
1875,35,9.2,5,5,2
1877,30,7.9,1,1,2
1881,36,6.4,1,1,2
1882,30,8.4,3,3,2
1886,49,7.2,3,3,2
1888,38,8.0,5,5,2
1892,54,9.7,1,1,2
1897,36,7.6,2,2,2
1898,30,6.5,2,2,2
1900,37,9.1,5,5,2
1901,45,9.2,3,3,2
1902,49,7.3,2,2,2
1903,43,7.6,1,1,2
1907,27,9.9,1,1,2
1909,39,7.1,5,5,2
1910,33,7.5,1,1,2
1912,52,7.4,5,5,2
1914,47,7.4,1,1,2
1915,28,6.7,5,5,2
1917,44,9.7,1,1,2
1920,40,7.1,5,5,2
1922,52,8.7,2,2,2
1923,31,8.2,5,5,2
1926,34,8.5,2,2,2
1928,48,9.5,3,3,2
1930,35,6.7,3,3,2
1931,36,8.2,2,2,2
1932,30,6.5,3,3,2
1934,29,9.1,5,5,2
1935,34,8.9,5,5,2
1936,44,7.4,5,5,2
1937,48,7.3,2,2,2
1940,35,7.8,2,2,2
1941,36,7.9,2,2,2
1943,53,8.1,1,1,2
1947,43,9.6,5,5,2
1948,38,6.2,2,2,2
1949,50,9.1,2,2,2
1950,41,7.2,1,1,2
1951,27,9.5,2,2,2
1952,54,6.8,2,2,2
1953,39,8.4,1,1,2
1955,51,6.6,2,2,2
1956,40,6.7,2,2,2
1960,47,8.9,1,1,2
1962,34,8.5,1,1,2
1963,44,8.5,1,1,2
1964,48,8.8,2,2,2
1966,46,7.5,1,1,2
1968,36,6.4,3,3,2
1970,53,7.7,1,1,2
1972,35,7.6,2,2,2
1973,36,7.9,5,5,2
1975,53,7.4,3,3,2
1976,37,9.2,5,5,2
1981,50,9.2,5,5,2
1983,27,7.2,5,5,2
1985,39,6.5,1,1,2
1986,33,7.5,1,1,2
1989,36,6.5,3,3,2
1992,37,8.7,3,3,2
1996,38,8.5,5,5,2
2000,54,8.1,3,3,2
2001,39,9.7,1,1,2
2004,52,7.6,5,5,2
2005,31,7.8,3,3,2
2008,34,8.7,5,5,2
2010,48,9.4,2,2,2
2012,40,8.5,1,1,2
2013,45,9.1,2,2,2
2017,28,7.6,2,2,2
2018,34,7.3,5,5,2
2024,54,7.7,3,3,2
2025,39,8.1,2,2,2
2032,37,9.4,3,3,2
2034,49,6.7,2,2,2
2035,43,7.9,5,5,2
2037,50,6.9,3,3,2
2038,41,8.9,5,5,2
2043,41,9.6,3,3,2
2044,27,7.5,2,2,2
2048,51,9.1,2,2,2
2050,45,7.5,5,5,2
2051,52,7.6,1,1,2
2053,47,7.2,2,2,2
2055,34,6.7,2,2,2
2056,44,7.1,2,2,2
2063,39,7.8,2,2,2
2064,35,9.1,5,5,2
2065,36,6.9,1,1,2
2066,30,8.4,1,1,2
2067,53,6.7,3,3,2
2072,38,7.6,2,2,2
2074,41,6.4,5,5,2
2076,54,6.6,1,1,2
2081,54,8.0,5,5,2
2083,33,8.5,1,1,2
2084,51,9.1,5,5,2
2090,28,7.6,2,2,2
2092,44,8.7,5,5,2
2097,31,7.1,5,5,2
2099,28,9.2,5,5,2
2107,37,7.4,5,5,2
2109,49,7.3,3,3,2
2111,38,7.9,5,5,2
2113,41,7.1,2,2,2
2115,54,8.7,5,5,2
2116,39,8.2,5,5,2
2121,52,9.5,1,1,2
2122,31,6.7,5,5,2
2123,47,6.7,3,3,2
2127,48,9.1,5,5,2
2128,52,8.9,3,3,2
2130,35,7.3,5,5,2
2131,36,8.6,1,1,2
2132,30,9.2,2,2,2
2133,53,7.8,5,5,2
2134,37,7.9,2,2,2
2135,35,9.9,2,2,2
2136,36,8.1,3,3,2
2137,30,9.5,3,3,2
2140,45,9.6,2,2,2
2141,49,6.2,5,5,2
2142,43,9.1,5,5,2
2143,38,7.2,2,2,2
2146,27,8.4,2,2,2
2147,54,9.9,2,2,2
2148,39,6.6,5,5,2
2149,33,6.7,1,1,2
2151,35,8.3,5,5,2
2152,36,6.3,3,3,2
2153,30,8.9,1,1,2
2158,43,7.9,5,5,2
2160,50,8.3,1,1,2
2163,54,7.7,1,1,2
2164,39,9.9,1,1,2
2165,33,7.6,3,3,2
2166,45,7.9,3,3,2
2167,52,7.7,2,2,2
2169,47,9.2,3,3,2
2170,28,7.6,2,2,2
2171,34,8.7,2,2,2
2173,48,6.9,1,1,2
2176,30,7.2,3,3,2
2180,49,6.9,1,1,2
2185,27,8.7,1,1,2
2188,33,7.2,1,1,2
2190,40,6.5,3,3,2
2192,52,9.5,3,3,2
2193,31,8.1,3,3,2
2198,48,7.8,3,3,2
2199,52,7.9,3,3,2
2200,46,8.5,5,5,2
2204,53,8.6,1,1,2
2205,37,8.5,3,3,2
2206,35,9.1,3,3,2
2214,38,6.6,3,3,2
2216,41,8.5,3,3,2
2218,54,8.1,3,3,2
2226,29,6.8,5,5,2
2233,36,7.2,5,5,2
2234,30,8.1,5,5,2
2235,53,9.5,5,5,2
2245,39,8.0,3,3,2
2249,45,7.1,5,5,2
2251,31,9.5,5,5,2
2252,47,9.2,3,3,2
2253,28,7.9,3,3,2
2258,46,6.9,1,1,2
2259,35,8.4,3,3,2
2260,36,6.7,5,5,2
2261,30,9.2,5,5,2
2265,36,7.6,1,1,2
2267,53,6.4,1,1,2
2270,49,7.8,1,1,2
2274,41,8.0,3,3,2
2276,54,8.5,1,1,2
2279,39,8.7,1,1,2
2281,36,8.8,1,1,2
2284,37,6.5,3,3,2
2286,49,9.1,1,1,2
2288,38,7.3,3,3,2
2290,41,7.1,3,3,2
2292,54,9.2,5,5,2
2294,33,9.3,5,5,2
2296,52,7.5,3,3,2
2303,52,9.7,3,3,2
2308,47,8.7,1,1,2
2315,54,6.7,3,3,2
2323,37,7.3,3,3,2
2325,49,9.2,5,5,2
2329,41,8.1,3,3,2
2330,27,9.5,1,1,2
2331,54,9.8,3,3,2
2333,33,9.6,1,1,2
2337,39,9.5,3,3,2
2338,33,6.8,1,1,2
2349,52,8.5,5,5,2
2351,54,7.9,3,3,2
2354,39,6.4,3,3,2
2355,35,7.5,3,3,2
2356,36,7.7,1,1,2
2357,30,9.9,1,1,2
2360,45,7.7,5,5,2
2363,38,7.6,5,5,2
2365,41,9.5,1,1,2
2367,54,9.2,3,3,2
2368,39,6.9,3,3,2
2369,33,7.2,1,1,2
2373,39,6.9,3,3,2
2374,33,7.6,3,3,2
2376,40,7.3,3,3,2
2379,31,6.7,3,3,2
2381,28,7.2,1,1,2
2382,34,8.5,1,1,2
2393,48,8.5,5,5,2
2394,52,8.7,3,3,2
2398,37,8.5,3,3,2
2406,54,9.4,2,3,2
2408,33,6.6,2,2,2
2410,40,7.7,2,4,2
2411,45,8.1,2,3,2
2412,52,7.9,3,3,2
2416,34,8.0,3,2,2
2417,44,6.5,5,5,2
2418,48,9.4,3,3,2
2420,46,6.7,3,5,2
2422,36,9.3,2,5,2
2424,53,8.9,3,3,2
2428,30,9.5,3,2,2
2431,45,7.9,3,2,2
2434,38,9.1,2,3,2
2437,27,7.6,3,2,2
2441,39,6.7,3,4,2
2444,30,9.5,5,4,2
2448,49,7.3,2,4,2
2451,50,6.9,3,2,2
2454,54,9.2,3,4,2
2455,39,7.3,3,5,2
2456,33,7.9,3,4,2
2469,37,8.5,3,4,2
2475,41,9.3,3,3,2
2478,39,8.7,3,3,2
2480,51,9.2,3,3,2
2483,52,7.1,3,2,2
2485,47,9.2,5,4,2
2487,34,9.3,2,3,2
2490,52,7.3,2,2,2
2502,45,8.2,2,2,2
2505,38,8.5,2,5,2
2507,41,9.5,2,2,2
2511,33,6.5,5,2,2
2513,35,9.1,3,2,2
2524,36,9.8,2,4,2
2525,30,9.6,3,2,2
2529,49,7.2,5,4,2
2530,43,9.5,5,2,2
2531,38,6.8,2,5,2
2536,39,7.6,2,4,2
2537,33,8.3,2,2,2
2538,51,6.3,2,4,2
2541,52,8.5,3,5,2
2542,31,8.5,2,4,2
2544,28,7.9,3,2,2
2547,48,6.4,5,4,2
2550,35,9.9,3,4,2
2551,36,7.6,5,2,2
2552,30,7.9,5,3,2
2556,36,7.6,2,3,2
2562,43,7.2,2,4,2
2563,38,7.5,5,5,2
2565,41,7.5,3,2,2
2566,27,6.9,3,5,2
2571,35,8.7,5,3,2
2573,30,9.0,3,5,2
2575,37,8.5,3,2,2
2580,50,9.7,5,3,2
2581,41,9.3,2,3,2
2582,27,9.1,3,2,2
2585,33,7.9,3,4,2
2587,52,8.7,2,2,2
2590,28,8.6,3,2,2
2591,34,8.5,5,3,2
2592,44,9.1,3,2,2
2597,52,7.3,5,2,2
2600,28,6.6,5,5,2
2603,48,7.7,3,2,2
2607,49,8.3,3,2,2
2608,43,7.7,5,2,2
2613,54,6.7,3,5,2
2632,37,7.2,2,2,2
2633,35,9.1,5,5,2
2637,37,9.5,3,3,2
2640,43,7.3,3,3,2
2646,39,6.7,5,5,2
2648,39,7.3,3,3,2
2654,45,8.4,2,2,2
2656,43,7.8,3,3,2
2657,38,8.7,3,3,2
2658,50,7.2,5,5,2
2660,27,8.0,3,3,2
2662,39,8.5,3,3,2
2664,45,9.7,3,3,2
2666,31,6.5,3,3,2
2669,34,7.6,3,3,2
2671,48,8.7,2,2,2
2674,30,7.3,3,3,2
2676,37,7.1,3,3,2
2677,45,8.3,5,5,2
2680,38,9.3,3,3,2
2681,50,7.1,5,5,2
2682,41,7.5,2,2,2
2683,27,7.3,3,3,2
2684,54,7.4,3,3,2
2685,39,8.3,5,5,2
2692,47,7.1,5,5,2
2698,46,8.5,3,3,2
2699,35,9.1,3,3,2
2703,37,8.2,5,5,2
2704,35,6.5,2,2,2
2706,30,9.1,3,3,2
2719,39,9.6,3,3,2
2723,32,9.5,5,5,2
2726,44,9.9,3,3,2
2728,52,6.7,2,2,2
2729,46,7.6,5,5,2
2731,36,6.3,5,5,2
2732,30,8.9,3,3,2
2733,53,9.5,3,3,2
2739,50,8.3,5,5,2
2742,54,7.7,3,3,2
2744,33,7.6,2,2,2
2745,51,7.9,3,3,2
2747,45,7.4,3,3,2
2754,48,6.9,5,5,2
2756,46,7.5,3,3,2
2757,35,6.5,5,5,2
2761,37,6.5,5,5,2
2762,35,7.3,5,5,2
2763,36,6.7,3,3,2
2764,30,8.7,2,2,2
2765,53,6.7,3,3,2
2767,45,7.2,5,5,2
2769,43,6.5,5,5,2
2772,41,8.1,3,3,2
2780,30,8.7,3,3,2
2785,43,9.1,3,3,2
2787,50,7.5,3,3,2
2791,39,7.3,2,2,2
2797,28,8.1,3,3,2
2798,34,7.9,3,3,2
2799,44,7.1,2,2,2
2805,31,6.8,3,3,2
2808,34,9.3,5,5,2
2810,48,8.9,3,3,2
2811,52,8.3,3,3,2
2812,27,7.2,3,3,2
2817,35,7.9,3,3,2
2818,36,9.3,3,3,2
2823,49,7.6,2,2,2
2824,43,8.0,2,2,2
2826,50,9.1,3,3,2
2828,27,7.1,5,5,2
2829,54,7.1,3,3,2
2836,33,9.1,2,2,2
2840,52,9.2,2,2,2
2841,31,7.3,2,2,2
2844,34,7.6,2,2,2
2845,44,9.3,3,3,2
2847,52,8.4,5,5,2
2848,27,6.6,3,3,2
2849,54,7.8,3,3,2
2852,39,7.1,2,2,2
2854,36,8.5,3,3,2
2856,53,9.1,3,3,2
2860,43,8.8,3,3,2
2861,38,9.3,3,3,2
2864,27,8.7,3,3,2
2865,54,9.1,5,5,2
2872,33,9.9,3,3,2
2873,51,9.3,5,5,2
2874,40,7.1,5,5,2
2875,45,7.5,2,2,2
2879,28,7.4,2,2,2
2884,45,7.2,3,3,2
2888,28,8.2,5,5,2
2890,44,7.1,3,3,2
2892,52,9.1,3,3,2
2894,30,6.7,3,3,2
2896,37,8.2,2,2,2
2897,45,6.5,3,3,2
2898,49,8.7,3,3,2
2900,38,8.9,5,5,2
2902,41,7.3,3,3,2
2903,27,8.6,3,3,2
2904,54,9.2,3,3,2
2906,33,7.9,5,5,2
2907,51,9.9,2,2,2
2920,36,6.6,2,2,2
2922,53,7.6,2,2,2
2923,37,8.3,3,3,2
2924,35,6.3,3,3,2
2928,37,8.5,3,3,2
2929,45,8.8,3,3,2
2930,49,7.9,3,3,2
2933,50,6.4,2,2,2
2934,41,7.5,3,3,2
2937,39,7.6,5,5,2
2939,39,7.7,2,2,2
2941,36,9.2,2,2,2
2949,50,7.5,3,3,2
2957,31,8.7,3,3,2
2958,47,6.7,5,5,2
2963,52,6.6,3,3,2
2965,30,8.1,5,5,2
2966,53,9.7,3,3,2
2970,43,7.8,2,2,2
2973,41,8.7,3,3,2
2974,27,8.3,3,3,2
2976,39,8.6,3,3,2
2978,51,9.1,2,2,2
2980,45,7.5,3,3,2
2982,31,7.6,2,2,2
2989,46,7.7,3,3,2
2990,35,8.1,3,3,2
2991,36,7.9,5,5,2
2993,53,8.3,5,5,2
2996,36,6.5,5,5,2
2998,53,6.8,3,3,2
3005,41,7.2,3,3,2
3007,54,9.5,5,5,2
3009,33,7.5,5,5,2
3010,39,7.9,3,3,2
3011,35,9.3,3,3,2
3013,30,9.1,3,3,2
3014,32,7.3,2,2,2
3015,29,7.5,3,3,2
3021,35,7.1,5,5,2
3024,53,9.2,3,3,2
3026,45,7.3,5,5,2
3027,49,7.3,2,2,2
3031,41,8.4,5,5,2
3033,54,9.2,3,3,2
3035,33,7.9,3,3,2
3039,52,6.4,2,2,2
3042,28,7.8,3,3,2
3051,53,8.7,3,3,2
3055,30,7.6,3,3,2
3058,45,9.1,3,3,2
3060,43,7.3,3,3,2
3063,41,8.3,5,5,2
3068,39,7.5,2,2,2
3069,35,7.3,5,5,2
3070,36,7.4,3,3,2
3073,37,6.7,3,3,2
3075,49,9.7,3,3,2
3078,50,7.1,2,2,2
3080,27,8.7,3,3,2
3093,40,8.9,5,5,2
3096,31,8.6,2,2,2
3099,34,7.9,2,2,2
3101,48,8.1,5,5,2
3102,52,9.5,3,3,2
3105,49,9.6,3,3,2
3106,43,6.2,5,5,2
3111,54,8.4,2,2,2
3116,45,8.3,5,5,2
3117,52,6.3,3,3,2
3120,28,8.5,3,3,2
3121,34,8.5,5,5,2
3126,35,6.4,3,3,2
3131,35,7.9,3,3,2
3132,36,7.7,3,3,2
3134,53,9.2,3,3,2
3137,49,9.5,3,3,2
3138,43,6.9,5,5,2
3142,27,7.5,2,2,2
3147,35,6.5,3,3,2
3151,37,6.7,5,5,2
3152,45,9.0,3,3,2
3154,43,8.5,2,2,2
3155,38,6.5,3,3,2
3157,41,9.5,5,5,2
3162,45,7.6,5,5,2
3163,52,7.8,5,5,2
3166,28,8.7,2,2,2
3170,52,8.5,3,3,2
3171,36,9.1,5,5,2
3172,30,7.7,2,2,2
3174,37,7.2,3,3,2
3177,43,7.3,2,2,2
3178,38,9.4,3,3,2
3185,51,7.1,3,3,2
3186,40,8.3,3,3,2
3190,47,9.4,5,5,2
3194,48,9.3,3,3,2
3196,46,8.9,5,5,2
3203,36,7.9,5,5,2
3208,49,7.5,2,2,2
3210,38,8.0,3,3,2
3214,54,7.1,3,3,2
3218,35,7.9,3,3,2
3226,52,9.2,3,3,2
3227,46,7.3,3,3,2
3230,30,7.6,5,5,2
3246,52,8.8,2,2,2
3247,31,9.3,2,2,2
3249,28,6.5,3,3,2
3258,53,9.9,5,5,2
3261,36,7.5,3,3,2
3262,30,7.3,5,5,2
3263,53,7.4,2,2,2
3266,49,6.7,3,3,2
3269,50,7.9,5,5,2
3271,27,7.1,3,3,2
3272,54,8.7,5,5,2
3273,39,8.7,2,2,2
3281,45,6.7,5,5,2
3283,43,6.5,4,4,2
3289,39,8.6,2,2,2
3295,28,9.5,2,2,2
3296,34,9.8,2,2,2
3298,48,9.6,3,3,2
3299,52,6.2,4,4,2
3310,27,6.3,5,5,2
3313,33,8.5,5,5,2
3314,39,8.5,2,2,2
3321,49,7.7,5,5,2
3323,38,7.6,3,3,2
3325,41,7.7,4,4,2
3330,41,9.5,5,5,2
3346,27,7.2,2,2,2
3347,54,8.5,2,2,2
3350,39,9.5,4,4,2
3352,36,9.7,3,3,2
3355,37,7.6,5,5,2
3365,33,7.7,4,4,2
3366,41,7.5,5,5,2
3367,27,7.2,2,2,2
3372,40,6.6,3,3,2
3374,52,8.5,4,4,2
3375,31,7.7,2,2,2
3376,47,8.1,5,5,2
3390,52,8.3,2,2,2
3400,41,7.3,3,3,2
3401,27,7.5,4,3,2
3402,54,7.6,3,3,2
3403,39,8.0,2,2,2
3408,52,7.1,2,5,2
3411,28,7.9,2,2,2
3418,36,6.7,4,5,2
3429,43,8.7,2,2,2
3430,38,7.2,2,3,2
3433,27,8.5,2,3,2
3438,35,6.5,4,3,2
3441,53,7.6,4,5,2
3443,45,8.7,5,5,2
3446,38,7.3,3,5,2
3479,52,8.9,2,2,2
3489,36,9.8,5,2,2
3491,53,9.6,3,2,2
3502,50,8.3,2,2,2
3503,41,6.3,4,3,2
3507,33,8.5,2,3,2
3512,32,6.4,5,2,2
3515,44,9.9,5,5,2
3526,43,6.9,4,4,2
3533,33,6.5,4,4,2
3539,47,7.2,5,5,2
3542,44,6.6,4,4,2
3551,35,8.5,5,5,2
3554,53,9.4,5,5,2
3563,54,7.3,4,4,2
3566,39,6.6,5,5,2
3567,35,8.5,2,2,2
3569,30,8.1,4,4,2
3575,38,6.5,4,4,2
3577,41,6.8,4,4,2
3580,39,9.3,5,5,2
3581,33,6.9,2,2,2
3582,45,8.9,2,2,2
3583,52,8.3,3,3,2
3585,47,8.1,2,2,2
3587,34,9.6,4,4,2
3590,45,9.3,5,5,2
3591,49,9.6,3,3,2
3592,43,9.1,2,2,2
3593,38,7.3,5,5,2
3595,41,7.6,2,2,2
3596,27,8.0,2,2,2
3597,54,7.2,5,5,2
3599,33,6.7,2,2,2
3600,51,7.1,5,5,2
3601,40,7.1,2,2,2
3602,45,9.5,2,2,2
3605,47,7.3,5,5,2
3606,28,7.3,4,4,2
3607,34,7.8,4,4,2
3608,44,9.1,5,5,2
3609,48,6.9,3,3,2
3610,52,8.4,2,2,2
3613,36,7.3,5,5,2
3614,30,7.9,4,4,2
3615,53,9.9,5,5,2
3616,37,7.6,2,2,2
3617,35,9.3,4,4,2
3619,30,8.4,3,3,2
3621,37,7.8,3,3,2
3624,43,7.1,2,2,2
3634,36,7.6,2,2,2
3636,53,8.7,4,4,2
3638,45,9.2,5,5,2
3642,50,8.3,4,4,2
3645,54,9.3,5,5,2
3647,33,7.5,2,2,2
3649,52,7.4,5,5,2
3651,47,7.4,4,4,2
3652,28,6.7,3,3,2
3657,36,7.1,5,5,2
3659,53,8.7,4,4,2
3662,49,7.1,4,4,2
3673,45,7.4,4,4,2
3678,34,7.9,2,2,2
3680,48,8.1,2,2,2
3681,52,9.5,3,3,2
3682,46,9.8,3,3,2
3695,43,8.3,5,5,2
3697,50,8.9,2,2,2
3698,41,9.5,4,4,2
3700,54,8.5,4,4,2
3703,39,7.5,5,5,2
3705,36,6.4,5,5,2
3712,52,7.4,3,3,2
3714,35,7.6,4,4,2
3715,36,8.7,4,4,2
3731,45,9.0,3,3,2
3735,28,6.6,2,2,2
3739,52,9.3,3,3,2
3745,37,8.7,5,5,2
3749,53,8.5,5,5,2
3753,43,7.2,5,5,2
3756,41,7.3,3,3,2
3758,54,6.6,5,5,2
3766,37,7.7,4,4,2
3772,41,7.9,2,2,2
3787,45,7.5,4,4,2
3795,52,9.5,2,2,2
3804,53,6.7,4,4,2
3805,37,9.2,5,5,2
3806,45,7.3,3,3,2
3807,49,7.9,5,5,2
3811,41,6.4,5,5,2
3813,54,6.6,4,4,2
3815,33,8.7,3,3,2
3817,27,7.1,4,4,2
3823,45,8.7,3,3,2
3827,28,7.6,5,5,2
3830,48,9.1,5,5,2
3831,52,9.2,3,3,2
3839,30,7.1,4,4,2
3840,53,7.5,3,3,2
3850,39,7.1,3,3,2
3852,41,8.7,4,4,2
3857,51,9.1,2,2,2
3859,45,6.7,5,5,2
3862,47,6.5,2,2,2
3863,28,8.7,3,3,2
3869,52,9.2,2,2,2
3875,48,9.8,3,3,2
3876,52,9.6,5,5,2
3878,30,6.2,4,4,2
3888,54,8.3,5,5,2
3893,45,8.5,5,5,2
3896,47,7.5,5,5,2
3898,34,6.4,2,2,2
3901,52,9.9,4,4,2
3908,35,8.7,4,4,2
3911,53,9.2,4,4,2
3912,37,6.9,2,2,2
3917,50,6.9,2,2,2
3918,41,7.6,4,4,2
3919,27,6.5,5,5,2
3920,54,7.3,5,5,2
3935,27,7.8,2,2,2
3937,39,8.5,4,4,2
3939,45,8.3,4,4,2
3943,28,9.1,4,4,2
3945,44,7.5,2,2,2
3948,36,7.3,5,5,2
3956,50,7.9,4,4,2
3959,54,7.7,3,3,2
3967,47,6.9,3,3,2
3970,44,7.2,4,4,2
3972,52,9.5,3,3,2
3980,36,7.5,4,4,2
3983,37,7.2,4,4,2
3985,49,6.7,4,4,2
3991,54,7.3,4,4,2
4005,35,8.4,2,2,2
4014,50,9.1,5,5,2
4017,54,6.5,2,2,2
4037,35,7.4,2,2,2
4038,36,6.7,5,5,2
4048,27,7.1,4,4,2
4055,30,6.5,2,2,2
4056,53,8.7,3,3,2
4057,37,9.1,4,4,2
4067,33,9.5,5,5,2
4069,52,9.6,5,5,2
4070,31,9.6,4,4,2
4071,47,6.2,5,5,2
4074,44,9.5,4,4,2
4080,31,7.6,2,2,2
4081,47,8.3,3,3,2
4082,28,6.3,3,3,2
4092,47,7.5,4,4,2
4104,54,9.2,2,2,2
4105,39,6.9,2,2,2
4109,45,7.5,2,2,2
4115,44,8.7,4,4,2
4117,52,9.0,5,5,2
4118,46,7.2,2,2,2
4120,36,6.5,4,4,2
4124,35,9.7,5,5,2
4128,37,7.8,4,4,2
4131,43,8.7,3,3,2
4143,53,9.4,5,5,2
4144,37,6.6,4,4,2
4159,28,9.3,4,4,2
4167,37,7.5,4,4,2
4170,43,9.6,2,2,2
4177,33,9.1,2,2,2
4183,47,7.9,5,5,2
4184,28,7.3,2,2,2
4192,30,7.3,3,3,2
4195,35,7.6,5,5,2
4199,37,6.6,4,4,2
4200,45,7.8,4,4,2
4203,38,7.1,4,4,2
4204,50,8.0,3,3,2
4215,29,8.7,4,4,2
4221,35,8.3,5,5,2
4225,37,7.1,4,4,2
4226,45,7.5,4,4,2
4228,43,7.4,5,5,2
4230,50,7.4,4,4,2
4231,41,6.7,4,4,2
4239,52,8.2,5,5,2
4247,46,8.2,5,5,2
4248,35,6.5,3,3,2
4254,36,8.6,3,3,2
4256,53,7.8,5,5,2
4258,45,9.9,3,3,2
4260,43,9.5,2,2,2
4262,50,9.6,5,5,2
4274,45,8.3,3,3,2
4275,49,6.3,2,2,2
4278,50,8.5,5,5,2
4292,52,9.2,5,5,2
4297,47,9.2,5,5,2
4301,48,6.5,3,3,2
4302,52,7.5,5,5,2
4303,27,6.9,4,4,2
4309,36,6.7,5,5,2
4319,27,9.1,5,5,2
4324,27,8.7,5,5,2
4326,39,9.4,4,4,2
4334,28,7.3,3,3,2
4336,44,9.4,3,3,2
4348,37,9.4,5,5,2
4349,45,6.8,3,3,2
4350,49,6.7,2,2,2
4353,50,6.9,2,2,2
4355,27,8.3,5,5,2
4356,54,7.2,2,2,2
4357,39,8.1,2,2,2
4359,41,9.6,2,2,2
4360,27,7.5,2,2,2
4366,45,7.5,5,5,2
4369,47,7.2,3,3,2
4373,48,7.1,5,5,2
4377,31,7.3,3,3,2
4380,34,9.1,4,4,2
4383,52,6.7,3,3,2
4384,36,9.2,4,4,2
4386,53,7.9,2,2,2
4390,43,6.4,5,5,2
4392,50,6.6,2,2,2
4394,27,8.7,4,4,2
4396,39,7.1,5,5,2
4397,33,8.0,3,3,2
4399,40,8.5,5,5,2
4401,52,9.7,5,5,2
4405,34,9.3,2,2,2
4407,48,6.5,5,5,2
4408,52,8.7,4,4,2
4410,35,9.2,3,3,2
4412,30,7.6,2,3,2
4417,30,9.3,4,5,2
4418,53,7.1,3,3,2
4419,37,7.5,4,2,2
4423,38,7.4,2,2,2
4424,50,6.7,2,3,2
4426,27,9.7,3,3,2
4427,54,7.9,2,3,2
4430,39,8.7,4,5,2
4433,30,6.8,4,2,2
4438,43,6.7,2,5,2
4441,41,6.5,4,2,2
4443,54,9.1,3,5,2
4445,33,7.4,4,3,2
4447,52,8.6,2,3,2
4452,44,8.1,5,5,2
4453,48,9.5,5,3,2
4454,52,9.8,2,3,2
4455,36,9.6,2,3,2
4456,30,9.6,4,2,2
4457,53,6.2,2,3,2
4459,45,7.2,2,2,2
4460,49,9.5,3,2,2
4461,43,6.8,5,5,2
4463,50,9.9,5,5,2
4468,33,6.3,5,2,2
4469,51,8.9,5,5,2
4476,34,8.3,4,3,2
4508,44,9.5,5,5,2
4512,35,9.1,5,3,2
4518,49,8.3,4,5,2
4524,54,7.5,4,3,2
4527,51,7.3,4,3,2
4529,45,9.4,3,3,2
4530,52,6.6,2,3,2
4531,31,6.6,3,3,2
4533,28,7.7,4,3,2
4534,34,8.1,5,3,2
4535,44,7.9,5,5,2
4538,46,7.7,4,5,2
4540,36,6.5,3,3,2
4543,37,6.7,2,2,2
4545,36,9.3,4,4,2
4549,45,7.2,3,3,2
4550,49,8.1,2,2,2
4556,54,9.6,2,2,2
4557,39,9.1,3,3,2
4561,36,8.0,5,5,2
4563,53,9.1,5,5,2
4565,45,7.1,5,5,2
4566,49,7.1,5,5,2
4567,43,9.5,4,4,2
4568,38,9.2,5,5,2
4570,41,7.3,3,3,2
4571,27,7.3,4,4,2
4572,54,7.8,3,3,2
4573,39,9.1,3,3,2
4574,33,6.9,4,4,2
4575,45,8.4,4,4,2
4576,52,6.7,4,4,2
4577,31,9.2,4,4,2
4578,47,7.3,3,3,2
4579,28,7.9,5,5,2
4580,34,9.9,3,3,2
4581,44,7.6,3,3,2
4582,48,9.3,2,2,2
4583,52,6.4,4,4,2
4584,40,8.4,2,2,2
4585,45,6.6,5,5,2
4587,31,8.7,2,2,2
4588,47,7.2,5,5,2
4589,28,7.1,3,3,2
4591,44,8.5,4,4,2
4595,43,8.7,4,4,2
4596,38,6.5,4,4,2
4597,50,8.8,4,4,2
4598,41,9.3,3,3,2
4600,54,6.5,2,2,2
4601,39,8.7,5,5,2
4603,45,9.2,3,3,2
4604,52,7.3,2,2,2
4607,28,8.3,2,2,2
4609,44,9.9,5,5,2
4612,36,7.5,2,2,2
4613,30,7.3,2,2,2
4614,53,7.4,5,5,2
4619,38,9.7,5,5,2
4631,47,6.7,2,2,2
4632,28,6.7,5,5,2
4638,35,7.4,3,3,2
4639,36,7.3,2,2,2
4640,30,8.6,5,5,2
4641,53,9.2,3,3,2
4642,37,7.8,4,4,2
4643,35,7.9,2,2,2
4647,37,9.8,4,4,2
4649,49,9.6,4,4,2
4651,38,9.1,5,5,2
4653,41,9.5,4,4,2
4657,33,6.6,4,4,2
4660,36,8.3,5,5,2
4665,44,8.5,2,5,2
4666,48,8.8,4,2,2
4668,46,7.5,4,4,2
4671,30,7.5,4,4,2
4672,53,7.7,3,3,2
4681,54,9.5,3,3,2
4682,39,6.9,2,5,2
4683,33,9.2,4,2,2
4684,51,6.9,2,5,2
4689,47,6.9,5,5,2
4693,48,6.7,2,3,2
4696,35,9.0,2,3,2
4698,30,8.5,3,4,2
4700,37,6.6,4,4,2
4701,35,9.5,4,3,2
4702,36,8.1,3,5,2
4703,30,9.7,2,3,2
4706,45,7.6,5,4,2
4708,43,7.9,2,2,2
4710,50,8.7,3,3,2
4711,41,8.3,4,4,2
4713,54,8.6,4,4,2
4717,35,7.5,3,3,2
4718,36,7.2,5,5,2
4720,53,7.3,5,5,2
4725,38,8.5,3,3,2
4726,50,7.7,3,3,2
4727,41,8.1,3,3,2
4729,54,7.1,4,4,2
4732,45,8.0,2,2,2
4733,52,6.5,4,4,2
4746,28,7.5,5,5,2
4752,54,7.5,4,4,2
4754,33,8.0,4,4,2
4755,39,7.2,2,2,2
4757,36,6.7,4,4,2
4758,30,7.1,5,5,2
4759,53,7.1,5,5,2
4760,37,9.5,3,3,2
4761,45,9.2,2,2,2
4762,49,7.9,2,2,2
4766,41,9.1,2,2,2
4767,27,6.9,4,4,2
4769,39,6.7,4,4,2
4773,54,9.9,2,2,2
4774,39,7.6,5,5,2
4776,51,6.4,2,2,2
4777,40,8.4,3,3,2
4779,52,7.8,2,2,2
4780,31,8.7,4,4,2
4781,47,7.2,2,2,2
4782,28,7.1,3,3,2
4783,34,8.0,3,3,2
4784,44,8.5,5,5,2
4786,52,9.1,5,5,2
4789,39,6.5,2,2,2
4790,33,8.8,3,3,2
4791,39,9.3,4,4,2
4794,30,8.7,3,3,2
4795,53,9.1,2,2,2
4796,37,9.2,5,5,2
4797,45,7.3,5,5,2
4806,33,7.3,4,4,2
4809,54,7.4,5,5,2
4811,33,7.3,2,2,2
4813,40,7.9,2,2,2
4814,45,7.2,3,3,2
4816,31,8.7,2,2,2
4820,44,7.1,2,2,2
4821,48,8.5,5,5,2
4828,34,8.7,4,3,2
4829,44,9.1,5,4,2
4831,52,7.4,3,2,2
4832,36,7.3,4,4,2
4834,53,9.2,4,2,2
4836,45,7.9,2,5,2
